{
    "page_idx_0": {
        "t_0": {
            "t_bbox": [
                81,
                87,
                511,
                129
            ]
        },
        "t_1": {
            "t_bbox": [
                81,
                137.51072692871094,
                303.1073913574219,
                165.45172119140625
            ]
        },
        "t_2": {
            "t_bbox": [
                81,
                190.99864196777344,
                500.3725891113281,
                223.89096069335938
            ]
        },
        "t_3": {
            "t_bbox": [
                81,
                254.91952514648438,
                512,
                366.3173828125
            ]
        },
        "t_4": {
            "t_bbox": [
                46,
                391,
                127,
                403
            ]
        },
        "t_5": {
            "t_bbox": [
                45,
                417.2267761230469,
                285,
                539.0762939453125
            ]
        },
        "t_6": {
            "t_bbox": [
                45,
                538.7392578125,
                285,
                626.9782104492188
            ]
        },
        "t_7": {
            "t_bbox": [
                45,
                624.2867431640625,
                285,
                725.0587768554688
            ]
        },
        "t_8": {
            "t_bbox": [
                308,
                385.186767578125,
                548,
                410.0938415527344
            ]
        },
        "t_9": {
            "t_bbox": [
                308,
                407.75531005859375,
                548,
                483.7263488769531
            ]
        },
        "t_10": {
            "t_bbox": [
                308,
                486.5867614746094,
                548,
                545.2853393554688
            ]
        },
        "t_11": {
            "t_bbox": [
                308,
                542.9468383789062,
                548,
                770.6641845703125
            ]
        }
    },
    "page_idx_1": {
        "t_0": {
            "t_bbox": [
                45,
                68.08277893066406,
                285,
                167.67779541015625
            ]
        },
        "t_1": {
            "t_bbox": [
                45,
                165.0467529296875,
                285,
                211.5419921875
            ]
        },
        "t_2": {
            "t_bbox": [
                45,
                208.8358154296875,
                285,
                386.882080078125
            ]
        },
        "t_3": {
            "t_bbox": [
                45,
                385.9732360839844,
                285,
                430.03802490234375
            ]
        },
        "t_4": {
            "t_bbox": [
                45,
                429.7622985839844,
                285,
                540.32763671875
            ]
        },
        "t_5": {
            "t_bbox": [
                45,
                537.6214599609375,
                285,
                650.0156860351562
            ]
        },
        "t_6": {
            "t_bbox": [
                45,
                647.3095092773438,
                285,
                770.5640869140625
            ]
        },
        "t_7": {
            "t_bbox": [
                308,
                66.32415771484375,
                548,
                167.70892333984375
            ]
        },
        "t_8": {
            "t_bbox": [
                308,
                190,
                500,
                215
            ]
        },
        "t_9": {
            "t_bbox": [
                308,
                230.14678955078125,
                548,
                375.45574951171875
            ]
        },
        "t_10": {
            "t_bbox": [
                308,
                372.81085205078125,
                548,
                430.34527587890625
            ]
        },
        "t_11": {
            "t_bbox": [
                308,
                427.70037841796875,
                548,
                594.3131103515625
            ]
        },
        "t_12": {
            "t_bbox": [
                308,
                592.3626098632812,
                548,
                769.8751831054688
            ]
        }
    },
    "page_idx_2": {
        "t_0": {
            "t_bbox": [
                46,
                66.34674072265625,
                285,
                189.46197509765625
            ]
        },
        "t_1": {
            "t_bbox": [
                99,
                197,
                230,
                212
            ]
        },
        "t_2": {
            "t_bbox": [
                46,
                221.19607543945312,
                285,
                376.2877197265625
            ]
        },
        "t_3": {
            "t_bbox": [
                46,
                373.6667785644531,
                285,
                496.7840881347656
            ]
        },
        "t_4": {
            "t_bbox": [
                46,
                494.1391906738281,
                285,
                693.8961791992188
            ]
        },
        "t_5": {
            "t_bbox": [
                46,
                691.1900024414062,
                285,
                772.1295776367188
            ]
        },
        "t_6": {
            "t_bbox": [
                361,
                69,
                493,
                162
            ]
        },
        "t_7": {
            "t_bbox": [
                309,
                176.3267822265625,
                548,
                200.1717987060547
            ]
        },
        "t_8": {
            "t_bbox": [
                309,
                198.2213134765625,
                548,
                365.483154296875
            ]
        },
        "t_9": {
            "t_bbox": [
                309,
                388,
                389,
                401
            ]
        },
        "t_10": {
            "t_bbox": [
                309,
                416.8067626953125,
                548,
                573.019775390625
            ]
        },
        "t_11": {
            "t_bbox": [
                309,
                570.3748779296875,
                548,
                649.8651123046875
            ]
        },
        "t_12": {
            "t_bbox": [
                309,
                647.158935546875,
                548,
                748.6049194335938
            ]
        },
        "t_13": {
            "t_bbox": [
                309,
                745.9600219726562,
                548,
                770.4994506835938
            ]
        }
    },
    "page_idx_3": {
        "t_0": {
            "t_bbox": [
                46,
                66.34674072265625,
                285,
                101.80957794189453
            ]
        },
        "t_1": {
            "t_bbox": [
                45,
                123,
                91,
                134
            ]
        },
        "t_2": {
            "t_bbox": [
                46,
                149.0867919921875,
                285,
                271.8927001953125
            ]
        },
        "t_3": {
            "t_bbox": [
                46,
                269.206787109375,
                285,
                359.252685546875
            ]
        },
        "t_4": {
            "t_bbox": [
                46,
                356.5465087890625,
                285,
                392.0025634765625
            ]
        },
        "t_5": {
            "t_bbox": [
                46,
                394.04498291015625,
                285,
                495.00079345703125
            ]
        },